"","fips","age_5yr_group","race","year","count","pop_denom"
"1","02201",0,"H","2006",1,NA
"2","02201",0,"NHAIAN","2002",1,NA
"3","02201",0,"NHAIAN","2004",1,NA
"4","02201",0,"NHAIAN","2006",1,NA
"5","02201",0,"NHAIAN","2007",1,NA
"6","02201",15,"NHAIAN","2000",1,NA
"7","02201",15,"NHAIAN","2002",1,NA
"8","02201",15,"NHAIAN","2005",1,NA
"9","02201",15,"NHAIAN","2007",1,NA
"10","02201",15,"NHAIAN","2009",1,NA
"11","02201",15,"NHW","2010",1,NA
"12","02201",20,"NHAIAN","2000",1,NA
"13","02201",20,"NHAIAN","2010",1,NA
"14","02201",20,"NHW","2002",1,NA
"15","02201",20,"NHW","2009",1,NA
"16","02201",25,"NHAIAN","2002",1,NA
"17","02201",25,"NHAIAN","2004",1,NA
"18","02201",25,"NHAIAN","2010",1,NA
"19","02201",25,"NHAIAN","2011",2,NA
"20","02201",25,"NHW","2006",1,NA
"21","02201",25,"NHW","2008",2,NA
"22","02201",25,"NHW","2012",1,NA
"23","02201",30,"NHAIAN","2008",1,NA
"24","02201",30,"NHAIAN","2010",1,NA
"25","02201",30,"NHAIAN","2011",1,NA
"26","02201",30,"NHAIAN","2012",1,NA
"27","02201",30,"NHW","2001",1,NA
"28","02201",30,"NHW","2008",1,NA
"29","02201",35,"NHAIAN","2002",1,NA
"30","02201",35,"NHW","2000",2,NA
"31","02201",35,"NHW","2011",1,NA
"32","02201",35,"NHW","2012",1,NA
"33","02201",40,"NHAIAN","2000",1,NA
"34","02201",40,"NHAIAN","2005",1,NA
"35","02201",40,"NHAIAN","2010",1,NA
"36","02201",40,"NHAIAN","2011",1,NA
"37","02201",40,"NHW","2000",1,NA
"38","02201",40,"NHW","2002",1,NA
"39","02201",40,"NHW","2004",2,NA
"40","02201",40,"NHW","2006",1,NA
"41","02201",40,"NHW","2009",1,NA
"42","02201",40,"NHW","2012",1,NA
"43","02201",45,"NHAIAN","2000",1,NA
"44","02201",45,"NHAIAN","2001",1,NA
"45","02201",45,"NHAIAN","2002",1,NA
"46","02201",45,"NHAIAN","2003",1,NA
"47","02201",45,"NHAIAN","2004",1,NA
"48","02201",45,"NHAIAN","2007",3,NA
"49","02201",45,"NHAIAN","2013",1,NA
"50","02201",45,"NHW","2000",1,NA
"51","02201",45,"NHW","2004",3,NA
"52","02201",45,"NHW","2007",1,NA
"53","02201",45,"NHW","2009",1,NA
"54","02201",45,"NHW","2010",2,NA
"55","02201",45,"NHW","2011",1,NA
"56","02201",45,"NHW","2012",2,NA
"57","02201",50,"NHAIAN","2000",1,NA
"58","02201",50,"NHAIAN","2002",1,NA
"59","02201",50,"NHAIAN","2003",1,NA
"60","02201",50,"NHAIAN","2006",1,NA
"61","02201",50,"NHAIAN","2008",1,NA
"62","02201",50,"NHAIAN","2009",1,NA
"63","02201",50,"NHAIAN","2012",1,NA
"64","02201",50,"NHW","2001",1,NA
"65","02201",50,"NHW","2002",2,NA
"66","02201",50,"NHW","2003",4,NA
"67","02201",50,"NHW","2005",1,NA
"68","02201",50,"NHW","2006",1,NA
"69","02201",50,"NHW","2007",1,NA
"70","02201",50,"NHW","2008",1,NA
"71","02201",50,"NHW","2009",1,NA
"72","02201",50,"NHW","2011",4,NA
"73","02201",50,"NHW","2013",1,NA
"74","02201",55,"H","2008",1,NA
"75","02201",55,"NHAIAN","2001",1,NA
"76","02201",55,"NHAIAN","2003",1,NA
"77","02201",55,"NHAIAN","2004",1,NA
"78","02201",55,"NHAIAN","2005",1,NA
"79","02201",55,"NHAIAN","2006",1,NA
"80","02201",55,"NHAIAN","2009",2,NA
"81","02201",55,"NHAIAN","2010",1,NA
"82","02201",55,"NHAIAN","2011",2,NA
"83","02201",55,"NHAIAN","2013",1,NA
"84","02201",55,"NHAPI","2010",1,NA
"85","02201",55,"NHW","2002",2,NA
"86","02201",55,"NHW","2003",3,NA
"87","02201",55,"NHW","2004",1,NA
"88","02201",55,"NHW","2006",1,NA
"89","02201",55,"NHW","2007",1,NA
"90","02201",55,"NHW","2009",3,NA
"91","02201",55,"NHW","2011",2,NA
"92","02201",55,"NHW","2012",2,NA
"93","02201",55,"NHW","2013",1,NA
"94","02201",60,"NHAIAN","2001",1,NA
"95","02201",60,"NHAIAN","2004",1,NA
"96","02201",60,"NHAIAN","2006",1,NA
"97","02201",60,"NHAIAN","2007",1,NA
"98","02201",60,"NHAIAN","2008",1,NA
"99","02201",60,"NHAIAN","2011",1,NA
"100","02201",60,"NHW","2004",3,NA
"101","02201",60,"NHW","2005",2,NA
"102","02201",60,"NHW","2006",4,NA
"103","02201",60,"NHW","2007",1,NA
"104","02201",60,"NHW","2009",2,NA
"105","02201",60,"NHW","2011",2,NA
"106","02201",60,"NHW","2012",1,NA
"107","02201",65,"H","2001",1,NA
"108","02201",65,"NHAIAN","2001",2,NA
"109","02201",65,"NHAIAN","2002",1,NA
"110","02201",65,"NHAIAN","2003",1,NA
"111","02201",65,"NHAIAN","2004",1,NA
"112","02201",65,"NHAIAN","2005",1,NA
"113","02201",65,"NHAIAN","2009",1,NA
"114","02201",65,"NHAIAN","2011",1,NA
"115","02201",65,"NHAIAN","2012",3,NA
"116","02201",65,"NHAPI","2010",1,NA
"117","02201",65,"NHW","2001",1,NA
"118","02201",65,"NHW","2004",1,NA
"119","02201",65,"NHW","2005",2,NA
"120","02201",65,"NHW","2006",3,NA
"121","02201",65,"NHW","2007",2,NA
"122","02201",65,"NHW","2008",2,NA
"123","02201",65,"NHW","2009",1,NA
"124","02201",65,"NHW","2010",3,NA
"125","02201",65,"NHW","2012",1,NA
"126","02201",65,"NHW","2013",1,NA
"127","02201",70,"NHAIAN","2002",1,NA
"128","02201",70,"NHAIAN","2003",1,NA
"129","02201",70,"NHAIAN","2004",1,NA
"130","02201",70,"NHAIAN","2005",1,NA
"131","02201",70,"NHAIAN","2007",2,NA
"132","02201",70,"NHAIAN","2008",2,NA
"133","02201",70,"NHAIAN","2010",1,NA
"134","02201",70,"NHAIAN","2013",1,NA
"135","02201",70,"NHW","2000",1,NA
"136","02201",70,"NHW","2002",2,NA
"137","02201",70,"NHW","2005",2,NA
"138","02201",70,"NHW","2007",1,NA
"139","02201",70,"NHW","2010",3,NA
"140","02201",70,"NHW","2012",1,NA
"141","02201",75,"NHAIAN","2001",1,NA
"142","02201",75,"NHAIAN","2002",1,NA
"143","02201",75,"NHAIAN","2003",1,NA
"144","02201",75,"NHAIAN","2004",1,NA
"145","02201",75,"NHAIAN","2007",1,NA
"146","02201",75,"NHAIAN","2009",1,NA
"147","02201",75,"NHAIAN","2010",1,NA
"148","02201",75,"NHAIAN","2011",1,NA
"149","02201",75,"NHAIAN","2012",2,NA
"150","02201",75,"NHW","2003",2,NA
"151","02201",75,"NHW","2005",3,NA
"152","02201",75,"NHW","2007",1,NA
"153","02201",75,"NHW","2009",1,NA
"154","02201",75,"NHW","2011",2,NA
"155","02201",75,"NHW","2012",1,NA
"156","02201",75,"NHW","2013",1,NA
"157","02201",80,"NHAIAN","2003",1,NA
"158","02201",80,"NHAIAN","2004",2,NA
"159","02201",80,"NHAIAN","2005",1,NA
"160","02201",80,"NHAIAN","2006",2,NA
"161","02201",80,"NHAIAN","2007",1,NA
"162","02201",80,"NHAIAN","2008",1,NA
"163","02201",80,"NHAIAN","2010",1,NA
"164","02201",80,"NHAIAN","2012",3,NA
"165","02201",80,"NHAIAN","2013",1,NA
"166","02201",80,"NHW","2002",4,NA
"167","02201",80,"NHW","2005",1,NA
"168","02201",80,"NHW","2007",1,NA
"169","02201",80,"NHW","2009",2,NA
"170","02201",80,"NHW","2012",1,NA
"171","02201",85,"NHAIAN","2000",2,NA
"172","02201",85,"NHAIAN","2001",2,NA
"173","02201",85,"NHAIAN","2004",1,NA
"174","02201",85,"NHAIAN","2005",1,NA
"175","02201",85,"NHAIAN","2007",1,NA
"176","02201",85,"NHAIAN","2009",2,NA
"177","02201",85,"NHAIAN","2010",1,NA
"178","02201",85,"NHAIAN","2011",2,NA
"179","02201",85,"NHAIAN","2013",1,NA
"180","02201",85,"NHW","2001",1,NA
"181","02201",85,"NHW","2003",2,NA
"182","02201",85,"NHW","2007",1,NA
"183","02201",85,"NHW","2008",1,NA
"184","02201",85,"NHW","2009",1,NA
"185","02201",85,"NHW","2010",1,NA
"186","02201",85,"NHW","2011",1,NA
"187","02232",0,"NHAIAN","2007",1,NA
"188","02232",15,"NHAIAN","2005",1,NA
"189","02232",15,"NHAIAN","2008",1,NA
"190","02232",15,"NHW","2002",1,NA
"191","02232",15,"NHW","2003",3,NA
"192","02232",15,"NHW","2009",1,NA
"193","02232",20,"NHAIAN","2000",1,NA
"194","02232",20,"NHAIAN","2002",1,NA
"195","02232",20,"NHAIAN","2007",1,NA
"196","02232",20,"NHW","2003",1,NA
"197","02232",20,"NHW","2006",1,NA
"198","02232",20,"NHW","2009",1,NA
"199","02232",20,"NHW","2012",1,NA
"200","02232",25,"NHAIAN","2003",1,NA
"201","02232",25,"NHAIAN","2006",1,NA
"202","02232",25,"NHAIAN","2010",1,NA
"203","02232",25,"NHW","2008",2,NA
"204","02232",25,"NHW","2012",1,NA
"205","02232",30,"NHAIAN","2000",1,NA
"206","02232",30,"NHAIAN","2006",1,NA
"207","02232",30,"NHAIAN","2008",1,NA
"208","02232",30,"NHW","2000",1,NA
"209","02232",30,"NHW","2002",1,NA
"210","02232",35,"NHAIAN","2000",1,NA
"211","02232",35,"NHAIAN","2002",1,NA
"212","02232",35,"NHAIAN","2006",1,NA
"213","02232",35,"NHAPI","2009",1,NA
"214","02232",35,"NHAPI","2010",1,NA
"215","02232",35,"NHW","2004",1,NA
"216","02232",35,"NHW","2012",1,NA
"217","02232",40,"NHW","2012",1,NA
"218","02232",45,"NHAIAN","2001",1,NA
"219","02232",45,"NHAIAN","2005",1,NA
"220","02232",45,"NHAIAN","2011",1,NA
"221","02232",45,"NHW","2000",1,NA
"222","02232",45,"NHW","2002",1,NA
"223","02232",45,"NHW","2003",2,NA
"224","02232",45,"NHW","2004",1,NA
"225","02232",45,"NHW","2005",1,NA
"226","02232",45,"NHW","2009",1,NA
"227","02232",45,"NHW","2010",2,NA
"228","02232",50,"H","2001",1,NA
"229","02232",50,"H","2006",1,NA
"230","02232",50,"NHAIAN","2002",1,NA
"231","02232",50,"NHAIAN","2003",1,NA
"232","02232",50,"NHAIAN","2010",1,NA
"233","02232",50,"NHAIAN","2011",1,NA
"234","02232",50,"NHW","2002",1,NA
"235","02232",50,"NHW","2007",1,NA
"236","02232",50,"NHW","2008",2,NA
"237","02232",50,"NHW","2009",2,NA
"238","02232",55,"H","2005",1,NA
"239","02232",55,"H","2013",1,NA
"240","02232",55,"NHAIAN","2006",1,NA
"241","02232",55,"NHAIAN","2007",1,NA
"242","02232",55,"NHAIAN","2009",1,NA
"243","02232",55,"NHAIAN","2012",1,NA
"244","02232",55,"NHAPI","2009",1,NA
"245","02232",55,"NHW","2000",2,NA
"246","02232",55,"NHW","2001",3,NA
"247","02232",55,"NHW","2002",1,NA
"248","02232",55,"NHW","2004",1,NA
"249","02232",55,"NHW","2007",2,NA
"250","02232",55,"NHW","2008",1,NA
"251","02232",55,"NHW","2009",1,NA
"252","02232",60,"NHAIAN","2004",1,NA
"253","02232",60,"NHAIAN","2007",1,NA
"254","02232",60,"NHAIAN","2008",1,NA
"255","02232",60,"NHAIAN","2009",1,NA
"256","02232",60,"NHAIAN","2011",1,NA
"257","02232",60,"NHAIAN","2013",1,NA
"258","02232",60,"NHW","2000",1,NA
"259","02232",60,"NHW","2001",2,NA
"260","02232",60,"NHW","2002",1,NA
"261","02232",60,"NHW","2004",3,NA
"262","02232",60,"NHW","2007",1,NA
"263","02232",60,"NHW","2008",1,NA
"264","02232",60,"NHW","2009",2,NA
"265","02232",60,"NHW","2010",3,NA
"266","02232",60,"NHW","2012",2,NA
"267","02232",60,"NHW","2013",1,NA
"268","02232",65,"NHAIAN","2004",1,NA
"269","02232",65,"NHAIAN","2006",1,NA
"270","02232",65,"NHAIAN","2011",1,NA
"271","02232",65,"NHAIAN","2012",2,NA
"272","02232",65,"NHW","2000",1,NA
"273","02232",65,"NHW","2001",1,NA
"274","02232",65,"NHW","2003",3,NA
"275","02232",65,"NHW","2006",1,NA
"276","02232",65,"NHW","2007",3,NA
"277","02232",65,"NHW","2009",1,NA
"278","02232",65,"NHW","2012",2,NA
"279","02232",70,"NHAIAN","2004",1,NA
"280","02232",70,"NHAIAN","2011",1,NA
"281","02232",70,"NHW","2001",2,NA
"282","02232",70,"NHW","2002",2,NA
"283","02232",70,"NHW","2003",4,NA
"284","02232",70,"NHW","2004",1,NA
"285","02232",70,"NHW","2006",1,NA
"286","02232",70,"NHW","2009",1,NA
"287","02232",70,"NHW","2011",1,NA
"288","02232",70,"NHW","2012",4,NA
"289","02232",70,"NHW","2013",1,NA
"290","02232",75,"H","2001",1,NA
"291","02232",75,"NHAIAN","2000",1,NA
"292","02232",75,"NHAIAN","2001",1,NA
"293","02232",75,"NHW","2000",2,NA
"294","02232",75,"NHW","2001",1,NA
"295","02232",75,"NHW","2002",1,NA
"296","02232",75,"NHW","2003",1,NA
"297","02232",75,"NHW","2004",1,NA
"298","02232",75,"NHW","2005",2,NA
"299","02232",75,"NHW","2007",1,NA
"300","02232",75,"NHW","2009",1,NA
"301","02232",75,"NHW","2011",1,NA
"302","02232",75,"NHW","2012",1,NA
"303","02232",80,"NHAIAN","2004",1,NA
"304","02232",80,"NHAIAN","2012",1,NA
"305","02232",80,"NHW","2001",2,NA
"306","02232",80,"NHW","2002",1,NA
"307","02232",80,"NHW","2009",2,NA
"308","02232",80,"NHW","2010",1,NA
"309","02232",80,"NHW","2011",1,NA
"310","02232",80,"NHW","2013",1,NA
"311","02232",85,"NHAIAN","2000",1,NA
"312","02232",85,"NHAIAN","2001",1,NA
"313","02232",85,"NHAIAN","2003",2,NA
"314","02232",85,"NHAIAN","2004",1,NA
"315","02232",85,"NHAIAN","2010",1,NA
"316","02232",85,"NHAIAN","2011",2,NA
"317","02232",85,"NHAIAN","2012",1,NA
"318","02232",85,"NHW","2000",1,NA
"319","02232",85,"NHW","2001",1,NA
"320","02232",85,"NHW","2004",1,NA
"321","02232",85,"NHW","2006",1,NA
"322","02232",85,"NHW","2007",1,NA
"323","02232",85,"NHW","2008",1,NA
"324","02232",85,"NHW","2010",1,NA
"325","02232",85,"NHW","2011",3,NA
"326","02232",85,"NHW","2013",2,NA
"327","02270",0,"NHAIAN","2011",2,NA
"328","02270",0,"NHAIAN","2012",4,NA
"329","02270",0,"NHAIAN","2013",3,NA
"330","02270",0,"NHAIAN","2014",3,NA
"331","02270",0,"NHAIAN","2015",1,NA
"332","02270",0,"NHAIAN","2016",1,NA
"333","02270",0,"NHAIAN","2017",1,NA
"334","02270",0,"NHAIAN","2018",3,NA
"335","02270",0,"NHAIAN","2019",6,NA
"336","02270",5,"NHAIAN","2012",2,NA
"337","02270",5,"NHAIAN","2013",2,NA
"338","02270",5,"NHAIAN","2014",1,NA
"339","02270",5,"NHAIAN","2015",1,NA
"340","02270",5,"NHAIAN","2019",1,NA
"341","02270",10,"NHAIAN","2010",2,NA
"342","02270",10,"NHAIAN","2011",1,NA
"343","02270",15,"NHAIAN","2010",5,NA
"344","02270",15,"NHAIAN","2011",2,NA
"345","02270",15,"NHAIAN","2012",3,NA
"346","02270",15,"NHAIAN","2013",3,NA
"347","02270",15,"NHAIAN","2014",4,NA
"348","02270",15,"NHAIAN","2015",3,NA
"349","02270",15,"NHAIAN","2016",2,NA
"350","02270",15,"NHAIAN","2017",2,NA
"351","02270",15,"NHAIAN","2018",2,NA
"352","02270",15,"NHAIAN","2019",6,NA
"353","02270",15,"NHW","2019",1,NA
"354","02270",20,"NHAIAN","2010",9,NA
"355","02270",20,"NHAIAN","2011",4,NA
"356","02270",20,"NHAIAN","2012",3,NA
"357","02270",20,"NHAIAN","2013",3,NA
"358","02270",20,"NHAIAN","2014",2,NA
"359","02270",20,"NHAIAN","2015",5,NA
"360","02270",20,"NHAIAN","2016",8,NA
"361","02270",20,"NHAIAN","2017",6,NA
"362","02270",20,"NHAIAN","2018",1,NA
"363","02270",20,"NHAIAN","2019",1,NA
"364","02270",25,"NHAIAN","2010",1,NA
"365","02270",25,"NHAIAN","2011",3,NA
"366","02270",25,"NHAIAN","2013",4,NA
"367","02270",25,"NHAIAN","2014",2,NA
"368","02270",25,"NHAIAN","2015",3,NA
"369","02270",25,"NHAIAN","2016",2,NA
"370","02270",25,"NHAIAN","2017",2,NA
"371","02270",25,"NHAIAN","2018",3,NA
"372","02270",25,"NHAIAN","2019",2,NA
"373","02270",30,"NHAIAN","2010",3,NA
"374","02270",30,"NHAIAN","2011",1,NA
"375","02270",30,"NHAIAN","2012",1,NA
"376","02270",30,"NHAIAN","2013",2,NA
"377","02270",30,"NHAIAN","2014",1,NA
"378","02270",30,"NHAIAN","2015",1,NA
"379","02270",30,"NHAIAN","2016",3,NA
"380","02270",30,"NHAIAN","2017",2,NA
"381","02270",30,"NHAIAN","2018",2,NA
"382","02270",30,"NHAIAN","2019",3,NA
"383","02270",30,"NHW","2017",1,NA
"384","02270",35,"NHAIAN","2010",1,NA
"385","02270",35,"NHAIAN","2011",1,NA
"386","02270",35,"NHAIAN","2012",1,NA
"387","02270",35,"NHAIAN","2013",3,NA
"388","02270",35,"NHAIAN","2014",1,NA
"389","02270",35,"NHAIAN","2015",2,NA
"390","02270",35,"NHAIAN","2016",2,NA
"391","02270",35,"NHAIAN","2018",1,NA
"392","02270",35,"NHAIAN","2019",5,NA
"393","02270",35,"NHW","2018",1,NA
"394","02270",40,"NHAIAN","2012",1,NA
"395","02270",40,"NHAIAN","2013",4,NA
"396","02270",40,"NHAIAN","2015",2,NA
"397","02270",40,"NHAIAN","2016",1,NA
"398","02270",40,"NHAIAN","2017",1,NA
"399","02270",40,"NHAIAN","2018",4,NA
"400","02270",40,"NHAIAN","2019",1,NA
"401","02270",40,"NHW","2016",2,NA
"402","02270",45,"NHAIAN","2010",1,NA
"403","02270",45,"NHAIAN","2012",5,NA
"404","02270",45,"NHAIAN","2013",2,NA
"405","02270",45,"NHAIAN","2015",5,NA
"406","02270",45,"NHAIAN","2016",1,NA
"407","02270",45,"NHAIAN","2017",3,NA
"408","02270",45,"NHAPI","2015",1,NA
"409","02270",50,"NHAIAN","2010",3,NA
"410","02270",50,"NHAIAN","2011",1,NA
"411","02270",50,"NHAIAN","2012",2,NA
"412","02270",50,"NHAIAN","2013",3,NA
"413","02270",50,"NHAIAN","2014",2,NA
"414","02270",50,"NHAIAN","2016",1,NA
"415","02270",50,"NHAIAN","2018",1,NA
"416","02270",50,"NHAIAN","2019",3,NA
"417","02270",55,"NHAIAN","2011",1,NA
"418","02270",55,"NHAIAN","2012",1,NA
"419","02270",55,"NHAIAN","2013",3,NA
"420","02270",55,"NHAIAN","2015",1,NA
"421","02270",55,"NHAIAN","2016",2,NA
"422","02270",55,"NHAIAN","2017",2,NA
"423","02270",55,"NHAIAN","2018",1,NA
"424","02270",55,"NHAIAN","2019",2,NA
"425","02270",55,"NHW","2012",1,NA
"426","02270",55,"NHW","2014",1,NA
"427","02270",60,"NHAIAN","2011",2,NA
"428","02270",60,"NHAIAN","2012",2,NA
"429","02270",60,"NHAIAN","2014",1,NA
"430","02270",60,"NHAIAN","2015",4,NA
"431","02270",60,"NHAIAN","2016",2,NA
"432","02270",60,"NHAIAN","2017",3,NA
"433","02270",60,"NHAIAN","2018",1,NA
"434","02270",60,"NHAIAN","2019",1,NA
"435","02270",60,"NHW","2014",1,NA
"436","02270",65,"NHAIAN","2010",3,NA
"437","02270",65,"NHAIAN","2011",3,NA
"438","02270",65,"NHAIAN","2012",1,NA
"439","02270",65,"NHAIAN","2013",2,NA
"440","02270",65,"NHAIAN","2014",2,NA
"441","02270",65,"NHAIAN","2015",3,NA
"442","02270",65,"NHAIAN","2016",2,NA
"443","02270",65,"NHAIAN","2017",2,NA
"444","02270",65,"NHAIAN","2018",2,NA
"445","02270",65,"NHAIAN","2019",2,NA
"446","02270",65,"NHW","2013",1,NA
"447","02270",70,"NHAIAN","2010",3,NA
"448","02270",70,"NHAIAN","2011",2,NA
"449","02270",70,"NHAIAN","2012",2,NA
"450","02270",70,"NHAIAN","2013",2,NA
"451","02270",70,"NHAIAN","2014",1,NA
"452","02270",70,"NHAIAN","2015",2,NA
"453","02270",70,"NHAIAN","2016",1,NA
"454","02270",70,"NHAIAN","2017",3,NA
"455","02270",70,"NHAIAN","2019",4,NA
"456","02270",75,"NHAIAN","2010",2,NA
"457","02270",75,"NHAIAN","2011",4,NA
"458","02270",75,"NHAIAN","2012",2,NA
"459","02270",75,"NHAIAN","2013",2,NA
"460","02270",75,"NHAIAN","2014",4,NA
"461","02270",75,"NHAIAN","2015",2,NA
"462","02270",75,"NHAIAN","2016",2,NA
"463","02270",75,"NHAIAN","2017",1,NA
"464","02270",75,"NHAIAN","2018",2,NA
"465","02270",75,"NHAIAN","2019",2,NA
"466","02270",75,"NHW","2018",1,NA
"467","02270",75,"NHW","2019",1,NA
"468","02270",80,"NHAIAN","2010",6,NA
"469","02270",80,"NHAIAN","2011",2,NA
"470","02270",80,"NHAIAN","2013",3,NA
"471","02270",80,"NHAIAN","2014",3,NA
"472","02270",80,"NHAIAN","2015",2,NA
"473","02270",80,"NHAIAN","2016",1,NA
"474","02270",80,"NHAIAN","2017",7,NA
"475","02270",80,"NHAIAN","2018",4,NA
"476","02270",80,"NHAIAN","2019",3,NA
"477","02270",85,"NHAIAN","2010",4,NA
"478","02270",85,"NHAIAN","2011",5,NA
"479","02270",85,"NHAIAN","2012",5,NA
"480","02270",85,"NHAIAN","2013",3,NA
"481","02270",85,"NHAIAN","2014",4,NA
"482","02270",85,"NHAIAN","2015",2,NA
"483","02270",85,"NHAIAN","2016",3,NA
"484","02270",85,"NHAIAN","2017",3,NA
"485","02270",85,"NHAIAN","2018",2,NA
"486","02270",85,"NHAIAN","2019",3,NA
"487","02280",10,"NHAIAN","2001",1,NA
"488","02280",10,"NHAIAN","2013",1,NA
"489","02280",10,"NHW","2003",1,NA
"490","02280",15,"NHAIAN","2003",1,NA
"491","02280",15,"NHW","2008",1,NA
"492","02280",15,"NHW","2010",1,NA
"493","02280",20,"NHAIAN","2003",1,NA
"494","02280",20,"NHAIAN","2007",1,NA
"495","02280",20,"NHAIAN","2009",1,NA
"496","02280",20,"NHW","2000",1,NA
"497","02280",20,"NHW","2003",3,NA
"498","02280",20,"NHW","2004",1,NA
"499","02280",20,"NHW","2008",1,NA
"500","02280",20,"NHW","2009",1,NA
"501","02280",20,"NHW","2010",1,NA
"502","02280",25,"NHAIAN","2004",1,NA
"503","02280",25,"NHAIAN","2005",1,NA
"504","02280",25,"NHW","2009",1,NA
"505","02280",25,"NHW","2010",1,NA
"506","02280",25,"NHW","2012",1,NA
"507","02280",30,"NHAIAN","2005",1,NA
"508","02280",30,"NHW","2002",2,NA
"509","02280",30,"NHW","2003",2,NA
"510","02280",30,"NHW","2006",2,NA
"511","02280",30,"NHW","2007",2,NA
"512","02280",30,"NHW","2012",1,NA
"513","02280",35,"NHAIAN","2006",1,NA
"514","02280",35,"NHW","2002",1,NA
"515","02280",35,"NHW","2003",2,NA
"516","02280",35,"NHW","2007",2,NA
"517","02280",35,"NHW","2010",1,NA
"518","02280",40,"NHAIAN","2001",2,NA
"519","02280",40,"NHAIAN","2003",1,NA
"520","02280",40,"NHAIAN","2004",1,NA
"521","02280",40,"NHAIAN","2005",1,NA
"522","02280",40,"NHAIAN","2008",1,NA
"523","02280",40,"NHAIAN","2009",2,NA
"524","02280",40,"NHAIAN","2010",2,NA
"525","02280",40,"NHAIAN","2011",1,NA
"526","02280",40,"NHW","2000",1,NA
"527","02280",40,"NHW","2001",1,NA
"528","02280",40,"NHW","2002",1,NA
"529","02280",40,"NHW","2003",1,NA
"530","02280",40,"NHW","2004",1,NA
"531","02280",40,"NHW","2005",2,NA
"532","02280",40,"NHW","2006",1,NA
"533","02280",40,"NHW","2008",3,NA
"534","02280",40,"NHW","2009",3,NA
"535","02280",40,"NHW","2010",1,NA
"536","02280",40,"NHW","2011",1,NA
"537","02280",45,"H","2006",1,NA
"538","02280",45,"NHAIAN","2000",1,NA
"539","02280",45,"NHAIAN","2003",2,NA
"540","02280",45,"NHAIAN","2006",1,NA
"541","02280",45,"NHAIAN","2010",1,NA
"542","02280",45,"NHAIAN","2013",1,NA
"543","02280",45,"NHW","2000",1,NA
"544","02280",45,"NHW","2001",1,NA
"545","02280",45,"NHW","2002",2,NA
"546","02280",45,"NHW","2003",3,NA
"547","02280",45,"NHW","2005",1,NA
"548","02280",45,"NHW","2007",1,NA
"549","02280",45,"NHW","2008",1,NA
"550","02280",45,"NHW","2009",1,NA
"551","02280",45,"NHW","2010",1,NA
"552","02280",50,"H","2006",1,NA
"553","02280",50,"NHAIAN","2001",1,NA
"554","02280",50,"NHAIAN","2004",2,NA
"555","02280",50,"NHAIAN","2006",1,NA
"556","02280",50,"NHAIAN","2007",1,NA
"557","02280",50,"NHAIAN","2010",1,NA
"558","02280",50,"NHAIAN","2011",1,NA
"559","02280",50,"NHW","2000",2,NA
"560","02280",50,"NHW","2001",2,NA
"561","02280",50,"NHW","2002",1,NA
"562","02280",50,"NHW","2005",1,NA
"563","02280",50,"NHW","2006",2,NA
"564","02280",50,"NHW","2007",1,NA
"565","02280",50,"NHW","2008",3,NA
"566","02280",50,"NHW","2009",1,NA
"567","02280",50,"NHW","2010",1,NA
"568","02280",50,"NHW","2012",1,NA
"569","02280",50,"NHW","2013",1,NA
"570","02280",55,"H","2001",1,NA
"571","02280",55,"NHAIAN","2003",1,NA
"572","02280",55,"NHAIAN","2005",1,NA
"573","02280",55,"NHW","2001",1,NA
"574","02280",55,"NHW","2002",2,NA
"575","02280",55,"NHW","2003",2,NA
"576","02280",55,"NHW","2004",2,NA
"577","02280",55,"NHW","2005",2,NA
"578","02280",55,"NHW","2006",2,NA
"579","02280",55,"NHW","2007",3,NA
"580","02280",55,"NHW","2008",1,NA
"581","02280",55,"NHW","2009",1,NA
"582","02280",55,"NHW","2010",3,NA
"583","02280",55,"NHW","2011",5,NA
"584","02280",55,"NHW","2012",1,NA
"585","02280",55,"NHW","2013",3,NA
"586","02280",60,"NHAIAN","2000",1,NA
"587","02280",60,"NHAIAN","2011",1,NA
"588","02280",60,"NHW","2000",1,NA
"589","02280",60,"NHW","2001",1,NA
"590","02280",60,"NHW","2002",4,NA
"591","02280",60,"NHW","2003",1,NA
"592","02280",60,"NHW","2004",6,NA
"593","02280",60,"NHW","2005",4,NA
"594","02280",60,"NHW","2006",1,NA
"595","02280",60,"NHW","2007",1,NA
"596","02280",60,"NHW","2008",2,NA
"597","02280",60,"NHW","2009",5,NA
"598","02280",60,"NHW","2010",2,NA
"599","02280",60,"NHW","2011",5,NA
"600","02280",60,"NHW","2012",3,NA
"601","02280",60,"NHW","2013",4,NA
"602","02280",65,"NHAIAN","2002",1,NA
"603","02280",65,"NHAIAN","2003",1,NA
"604","02280",65,"NHAIAN","2006",2,NA
"605","02280",65,"NHAIAN","2008",1,NA
"606","02280",65,"NHAIAN","2010",4,NA
"607","02280",65,"NHAIAN","2012",1,NA
"608","02280",65,"NHAIAN","2013",2,NA
"609","02280",65,"NHAPI","2008",1,NA
"610","02280",65,"NHW","2000",2,NA
"611","02280",65,"NHW","2001",3,NA
"612","02280",65,"NHW","2002",1,NA
"613","02280",65,"NHW","2004",2,NA
"614","02280",65,"NHW","2005",3,NA
"615","02280",65,"NHW","2006",2,NA
"616","02280",65,"NHW","2007",3,NA
"617","02280",65,"NHW","2008",3,NA
"618","02280",65,"NHW","2009",1,NA
"619","02280",65,"NHW","2010",2,NA
"620","02280",65,"NHW","2011",2,NA
"621","02280",65,"NHW","2012",2,NA
"622","02280",65,"NHW","2013",4,NA
"623","02280",70,"NHAIAN","2004",1,NA
"624","02280",70,"NHAIAN","2006",1,NA
"625","02280",70,"NHAIAN","2009",2,NA
"626","02280",70,"NHAIAN","2011",1,NA
"627","02280",70,"NHAIAN","2013",1,NA
"628","02280",70,"NHAPI","2009",1,NA
"629","02280",70,"NHAPI","2013",1,NA
"630","02280",70,"NHW","2000",4,NA
"631","02280",70,"NHW","2001",2,NA
"632","02280",70,"NHW","2002",6,NA
"633","02280",70,"NHW","2003",1,NA
"634","02280",70,"NHW","2004",3,NA
"635","02280",70,"NHW","2005",1,NA
"636","02280",70,"NHW","2006",2,NA
"637","02280",70,"NHW","2007",1,NA
"638","02280",70,"NHW","2009",2,NA
"639","02280",70,"NHW","2010",2,NA
"640","02280",70,"NHW","2011",6,NA
"641","02280",70,"NHW","2012",2,NA
"642","02280",70,"NHW","2013",10,NA
"643","02280",75,"H","2000",1,NA
"644","02280",75,"H","2011",2,NA
"645","02280",75,"NHAIAN","2000",1,NA
"646","02280",75,"NHAIAN","2001",1,NA
"647","02280",75,"NHAIAN","2002",1,NA
"648","02280",75,"NHAIAN","2004",1,NA
"649","02280",75,"NHAIAN","2005",1,NA
"650","02280",75,"NHAIAN","2006",2,NA
"651","02280",75,"NHAIAN","2009",1,NA
"652","02280",75,"NHAPI","2010",1,NA
"653","02280",75,"NHW","2001",7,NA
"654","02280",75,"NHW","2002",5,NA
"655","02280",75,"NHW","2003",3,NA
"656","02280",75,"NHW","2004",4,NA
"657","02280",75,"NHW","2005",7,NA
"658","02280",75,"NHW","2006",4,NA
"659","02280",75,"NHW","2007",1,NA
"660","02280",75,"NHW","2008",4,NA
"661","02280",75,"NHW","2009",4,NA
"662","02280",75,"NHW","2010",3,NA
"663","02280",75,"NHW","2011",5,NA
"664","02280",75,"NHW","2012",4,NA
"665","02280",75,"NHW","2013",2,NA
"666","02280",80,"NHAIAN","2001",1,NA
"667","02280",80,"NHAIAN","2003",1,NA
"668","02280",80,"NHAIAN","2004",2,NA
"669","02280",80,"NHAIAN","2007",1,NA
"670","02280",80,"NHAIAN","2010",1,NA
"671","02280",80,"NHAIAN","2011",4,NA
"672","02280",80,"NHAIAN","2012",1,NA
"673","02280",80,"NHAPI","2001",1,NA
"674","02280",80,"NHAPI","2005",1,NA
"675","02280",80,"NHW","2000",4,NA
"676","02280",80,"NHW","2001",6,NA
"677","02280",80,"NHW","2002",4,NA
"678","02280",80,"NHW","2003",3,NA
"679","02280",80,"NHW","2004",3,NA
"680","02280",80,"NHW","2005",6,NA
"681","02280",80,"NHW","2006",5,NA
"682","02280",80,"NHW","2007",6,NA
"683","02280",80,"NHW","2008",4,NA
"684","02280",80,"NHW","2009",4,NA
"685","02280",80,"NHW","2010",5,NA
"686","02280",80,"NHW","2011",2,NA
"687","02280",80,"NHW","2012",4,NA
"688","02280",80,"NHW","2013",3,NA
"689","02280",85,"H","2001",1,NA
"690","02280",85,"H","2003",1,NA
"691","02280",85,"NHAIAN","2001",1,NA
"692","02280",85,"NHAIAN","2002",2,NA
"693","02280",85,"NHAIAN","2004",2,NA
"694","02280",85,"NHAIAN","2005",1,NA
"695","02280",85,"NHAIAN","2006",1,NA
"696","02280",85,"NHAIAN","2007",1,NA
"697","02280",85,"NHAIAN","2008",1,NA
"698","02280",85,"NHAIAN","2009",2,NA
"699","02280",85,"NHAIAN","2010",3,NA
"700","02280",85,"NHAIAN","2011",2,NA
"701","02280",85,"NHAIAN","2012",2,NA
"702","02280",85,"NHAIAN","2013",1,NA
"703","02280",85,"NHAPI","2002",1,NA
"704","02280",85,"NHAPI","2008",1,NA
"705","02280",85,"NHAPI","2011",1,NA
"706","02280",85,"NHW","2000",6,NA
"707","02280",85,"NHW","2001",7,NA
"708","02280",85,"NHW","2002",11,NA
"709","02280",85,"NHW","2003",12,NA
"710","02280",85,"NHW","2004",5,NA
"711","02280",85,"NHW","2005",7,NA
"712","02280",85,"NHW","2006",11,NA
"713","02280",85,"NHW","2007",7,NA
"714","02280",85,"NHW","2008",10,NA
"715","02280",85,"NHW","2009",6,NA
"716","02280",85,"NHW","2010",12,NA
"717","02280",85,"NHW","2011",11,NA
"718","02280",85,"NHW","2012",3,NA
"719","02280",85,"NHW","2013",7,NA
"720","12025",0,"H","1999",77,NA
"721","12025",0,"H","2000",69,NA
"722","12025",0,"H","2001",74,NA
"723","12025",0,"H","2002",68,NA
"724","12025",0,"NHAIAN","1999",1,NA
"725","12025",0,"NHAPI","1999",4,NA
"726","12025",0,"NHAPI","2000",2,NA
"727","12025",0,"NHAPI","2001",3,NA
"728","12025",0,"NHAPI","2002",1,NA
"729","12025",0,"NHB","1999",106,NA
"730","12025",0,"NHB","2000",116,NA
"731","12025",0,"NHB","2001",126,NA
"732","12025",0,"NHB","2002",111,NA
"733","12025",0,"NHW","1999",50,NA
"734","12025",0,"NHW","2000",75,NA
"735","12025",0,"NHW","2001",72,NA
"736","12025",0,"NHW","2002",72,NA
"737","12025",5,"H","1999",14,NA
"738","12025",5,"H","2000",3,NA
"739","12025",5,"H","2001",7,NA
"740","12025",5,"H","2002",11,NA
"741","12025",5,"NHAIAN","2002",0,NA
"742","12025",5,"NHAPI","2002",0,NA
"743","12025",5,"NHB","1999",15,NA
"744","12025",5,"NHB","2000",14,NA
"745","12025",5,"NHB","2001",17,NA
"746","12025",5,"NHB","2002",12,NA
"747","12025",5,"NHW","1999",9,NA
"748","12025",5,"NHW","2000",4,NA
"749","12025",5,"NHW","2001",4,NA
"750","12025",5,"NHW","2002",10,NA
"751","12025",10,"H","1999",21,NA
"752","12025",10,"H","2000",14,NA
"753","12025",10,"H","2001",16,NA
"754","12025",10,"H","2002",8,NA
"755","12025",10,"NHAIAN","2002",0,NA
"756","12025",10,"NHAPI","2002",2,NA
"757","12025",10,"NHB","1999",14,NA
"758","12025",10,"NHB","2000",11,NA
"759","12025",10,"NHB","2001",13,NA
"760","12025",10,"NHB","2002",11,NA
"761","12025",10,"NHW","1999",8,NA
"762","12025",10,"NHW","2000",8,NA
"763","12025",10,"NHW","2001",5,NA
"764","12025",10,"NHW","2002",6,NA
"765","12025",15,"H","1999",49,NA
"766","12025",15,"H","2000",40,NA
"767","12025",15,"H","2001",40,NA
"768","12025",15,"H","2002",49,NA
"769","12025",15,"NHAIAN","2001",1,NA
"770","12025",15,"NHAPI","1999",1,NA
"771","12025",15,"NHAPI","2002",1,NA
"772","12025",15,"NHB","1999",42,NA
"773","12025",15,"NHB","2000",50,NA
"774","12025",15,"NHB","2001",42,NA
"775","12025",15,"NHB","2002",43,NA
"776","12025",15,"NHW","1999",19,NA
"777","12025",15,"NHW","2000",19,NA
"778","12025",15,"NHW","2001",19,NA
"779","12025",15,"NHW","2002",26,NA
"780","12025",20,"H","1999",50,NA
"781","12025",20,"H","2000",67,NA
"782","12025",20,"H","2001",53,NA
"783","12025",20,"H","2002",59,NA
"784","12025",20,"NHAIAN","1999",1,NA
"785","12025",20,"NHAIAN","2002",1,NA
"786","12025",20,"NHAPI","1999",3,NA
"787","12025",20,"NHAPI","2000",2,NA
"788","12025",20,"NHAPI","2002",1,NA
"789","12025",20,"NHB","1999",67,NA
"790","12025",20,"NHB","2000",64,NA
"791","12025",20,"NHB","2001",64,NA
"792","12025",20,"NHB","2002",55,NA
"793","12025",20,"NHW","1999",28,NA
"794","12025",20,"NHW","2000",24,NA
"795","12025",20,"NHW","2001",30,NA
"796","12025",20,"NHW","2002",36,NA
"797","12025",25,"H","1999",65,NA
"798","12025",25,"H","2000",62,NA
"799","12025",25,"H","2001",78,NA
"800","12025",25,"H","2002",68,NA
"801","12025",25,"NHAIAN","2000",1,NA
"802","12025",25,"NHAIAN","2001",1,NA
"803","12025",25,"NHAIAN","2002",1,NA
"804","12025",25,"NHAPI","2002",1,NA
"805","12025",25,"NHB","1999",68,NA
"806","12025",25,"NHB","2000",69,NA
"807","12025",25,"NHB","2001",63,NA
"808","12025",25,"NHB","2002",59,NA
"809","12025",25,"NHW","1999",34,NA
"810","12025",25,"NHW","2000",46,NA
"811","12025",25,"NHW","2001",36,NA
"812","12025",25,"NHW","2002",41,NA
"813","12025",30,"H","1999",84,NA
"814","12025",30,"H","2000",78,NA
"815","12025",30,"H","2001",93,NA
"816","12025",30,"H","2002",81,NA
"817","12025",30,"NHAIAN","2000",1,NA
"818","12025",30,"NHAIAN","2001",1,NA
"819","12025",30,"NHAIAN","2002",1,NA
"820","12025",30,"NHAPI","2000",3,NA
"821","12025",30,"NHAPI","2001",1,NA
"822","12025",30,"NHB","1999",89,NA
"823","12025",30,"NHB","2000",102,NA
"824","12025",30,"NHB","2001",98,NA
"825","12025",30,"NHB","2002",81,NA
"826","12025",30,"NHW","1999",52,NA
"827","12025",30,"NHW","2000",47,NA
"828","12025",30,"NHW","2001",54,NA
"829","12025",30,"NHW","2002",46,NA
"830","12025",35,"H","1999",157,NA
"831","12025",35,"H","2000",137,NA
"832","12025",35,"H","2001",127,NA
"833","12025",35,"H","2002",122,NA
"834","12025",35,"NHAIAN","2002",0,NA
"835","12025",35,"NHAPI","1999",4,NA
"836","12025",35,"NHAPI","2001",2,NA
"837","12025",35,"NHAPI","2002",4,NA
"838","12025",35,"NHB","1999",183,NA
"839","12025",35,"NHB","2000",129,NA
"840","12025",35,"NHB","2001",144,NA
"841","12025",35,"NHB","2002",149,NA
"842","12025",35,"NHW","1999",104,NA
"843","12025",35,"NHW","2000",87,NA
"844","12025",35,"NHW","2001",85,NA
"845","12025",35,"NHW","2002",85,NA
"846","12025",40,"H","1999",144,NA
"847","12025",40,"H","2000",170,NA
"848","12025",40,"H","2001",174,NA
"849","12025",40,"H","2002",178,NA
"850","12025",40,"NHAIAN","2002",0,NA
"851","12025",40,"NHAPI","1999",1,NA
"852","12025",40,"NHAPI","2000",7,NA
"853","12025",40,"NHAPI","2001",3,NA
"854","12025",40,"NHAPI","2002",6,NA
"855","12025",40,"NHB","1999",215,NA
"856","12025",40,"NHB","2000",213,NA
"857","12025",40,"NHB","2001",187,NA
"858","12025",40,"NHB","2002",170,NA
"859","12025",40,"NHW","1999",146,NA
"860","12025",40,"NHW","2000",122,NA
"861","12025",40,"NHW","2001",112,NA
"862","12025",40,"NHW","2002",103,NA
"863","12025",45,"H","1999",225,NA
"864","12025",45,"H","2000",200,NA
"865","12025",45,"H","2001",207,NA
"866","12025",45,"H","2002",229,NA
"867","12025",45,"NHAIAN","2000",2,NA
"868","12025",45,"NHAPI","1999",7,NA
"869","12025",45,"NHAPI","2000",3,NA
"870","12025",45,"NHAPI","2001",3,NA
"871","12025",45,"NHAPI","2002",6,NA
"872","12025",45,"NHB","1999",199,NA
"873","12025",45,"NHB","2000",248,NA
"874","12025",45,"NHB","2001",233,NA
"875","12025",45,"NHB","2002",268,NA
"876","12025",45,"NHW","1999",180,NA
"877","12025",45,"NHW","2000",191,NA
"878","12025",45,"NHW","2001",193,NA
"879","12025",45,"NHW","2002",167,NA
"880","12025",50,"H","1999",268,NA
"881","12025",50,"H","2000",259,NA
"882","12025",50,"H","2001",297,NA
"883","12025",50,"H","2002",274,NA
"884","12025",50,"NHAIAN","1999",1,NA
"885","12025",50,"NHAIAN","2002",1,NA
"886","12025",50,"NHAPI","1999",11,NA
"887","12025",50,"NHAPI","2000",6,NA
"888","12025",50,"NHAPI","2001",7,NA
"889","12025",50,"NHAPI","2002",6,NA
"890","12025",50,"NHB","1999",233,NA
"891","12025",50,"NHB","2000",248,NA
"892","12025",50,"NHB","2001",231,NA
"893","12025",50,"NHB","2002",203,NA
"894","12025",50,"NHW","1999",254,NA
"895","12025",50,"NHW","2000",228,NA
"896","12025",50,"NHW","2001",242,NA
"897","12025",50,"NHW","2002",231,NA
"898","12025",55,"H","1999",367,NA
"899","12025",55,"H","2000",363,NA
"900","12025",55,"H","2001",392,NA
"901","12025",55,"H","2002",387,NA
"902","12025",55,"NHAIAN","2001",1,NA
"903","12025",55,"NHAPI","1999",5,NA
"904","12025",55,"NHAPI","2000",7,NA
"905","12025",55,"NHAPI","2001",6,NA
"906","12025",55,"NHAPI","2002",3,NA
"907","12025",55,"NHB","1999",236,NA
"908","12025",55,"NHB","2000",224,NA
"909","12025",55,"NHB","2001",225,NA
"910","12025",55,"NHB","2002",224,NA
"911","12025",55,"NHW","1999",286,NA
"912","12025",55,"NHW","2000",289,NA
"913","12025",55,"NHW","2001",285,NA
"914","12025",55,"NHW","2002",255,NA
"915","12025",60,"H","1999",566,NA
"916","12025",60,"H","2000",489,NA
"917","12025",60,"H","2001",534,NA
"918","12025",60,"H","2002",541,NA
"919","12025",60,"NHAIAN","1999",1,NA
"920","12025",60,"NHAIAN","2000",1,NA
"921","12025",60,"NHAIAN","2001",1,NA
"922","12025",60,"NHAIAN","2002",1,NA
"923","12025",60,"NHAPI","1999",7,NA
"924","12025",60,"NHAPI","2000",8,NA
"925","12025",60,"NHAPI","2001",6,NA
"926","12025",60,"NHAPI","2002",6,NA
"927","12025",60,"NHB","1999",288,NA
"928","12025",60,"NHB","2000",271,NA
"929","12025",60,"NHB","2001",274,NA
"930","12025",60,"NHB","2002",279,NA
"931","12025",60,"NHW","1999",330,NA
"932","12025",60,"NHW","2000",314,NA
"933","12025",60,"NHW","2001",308,NA
"934","12025",60,"NHW","2002",314,NA
"935","12025",65,"H","1999",764,NA
"936","12025",65,"H","2000",708,NA
"937","12025",65,"H","2001",731,NA
"938","12025",65,"H","2002",703,NA
"939","12025",65,"NHAIAN","2000",1,NA
"940","12025",65,"NHAIAN","2002",1,NA
"941","12025",65,"NHAPI","1999",5,NA
"942","12025",65,"NHAPI","2000",10,NA
"943","12025",65,"NHAPI","2001",10,NA
"944","12025",65,"NHAPI","2002",9,NA
"945","12025",65,"NHB","1999",301,NA
"946","12025",65,"NHB","2000",272,NA
"947","12025",65,"NHB","2001",318,NA
"948","12025",65,"NHB","2002",283,NA
"949","12025",65,"NHW","1999",430,NA
"950","12025",65,"NHW","2000",398,NA
"951","12025",65,"NHW","2001",375,NA
"952","12025",65,"NHW","2002",376,NA
"953","12025",70,"H","1999",943,NA
"954","12025",70,"H","2000",1044,NA
"955","12025",70,"H","2001",1137,NA
"956","12025",70,"H","2002",1030,NA
"957","12025",70,"NHAIAN","2000",1,NA
"958","12025",70,"NHAPI","1999",7,NA
"959","12025",70,"NHAPI","2000",10,NA
"960","12025",70,"NHAPI","2001",10,NA
"961","12025",70,"NHAPI","2002",11,NA
"962","12025",70,"NHB","1999",307,NA
"963","12025",70,"NHB","2000",328,NA
"964","12025",70,"NHB","2001",319,NA
"965","12025",70,"NHB","2002",295,NA
"966","12025",70,"NHW","1999",750,NA
"967","12025",70,"NHW","2000",657,NA
"968","12025",70,"NHW","2001",622,NA
"969","12025",70,"NHW","2002",578,NA
"970","12025",75,"H","1999",1219,NA
"971","12025",75,"H","2000",1202,NA
"972","12025",75,"H","2001",1345,NA
"973","12025",75,"H","2002",1341,NA
"974","12025",75,"NHAIAN","1999",2,NA
"975","12025",75,"NHAIAN","2000",1,NA
"976","12025",75,"NHAIAN","2001",1,NA
"977","12025",75,"NHAPI","1999",9,NA
"978","12025",75,"NHAPI","2000",7,NA
"979","12025",75,"NHAPI","2001",14,NA
"980","12025",75,"NHAPI","2002",10,NA
"981","12025",75,"NHB","1999",326,NA
"982","12025",75,"NHB","2000",321,NA
"983","12025",75,"NHB","2001",325,NA
"984","12025",75,"NHB","2002",343,NA
"985","12025",75,"NHW","1999",953,NA
"986","12025",75,"NHW","2000",832,NA
"987","12025",75,"NHW","2001",840,NA
"988","12025",75,"NHW","2002",750,NA
"989","12025",80,"H","1999",1355,NA
"990","12025",80,"H","2000",1394,NA
"991","12025",80,"H","2001",1498,NA
"992","12025",80,"H","2002",1471,NA
"993","12025",80,"NHAIAN","1999",1,NA
"994","12025",80,"NHAIAN","2000",2,NA
"995","12025",80,"NHAIAN","2001",1,NA
"996","12025",80,"NHAIAN","2002",1,NA
"997","12025",80,"NHAPI","1999",6,NA
"998","12025",80,"NHAPI","2000",6,NA
"999","12025",80,"NHAPI","2001",6,NA
"1000","12025",80,"NHAPI","2002",9,NA
"1001","12025",80,"NHB","1999",237,NA
"1002","12025",80,"NHB","2000",241,NA
"1003","12025",80,"NHB","2001",303,NA
"1004","12025",80,"NHB","2002",261,NA
"1005","12025",80,"NHW","1999",1219,NA
"1006","12025",80,"NHW","2000",1076,NA
"1007","12025",80,"NHW","2001",1061,NA
"1008","12025",80,"NHW","2002",991,NA
"1009","12025",85,"H","1999",2892,NA
"1010","12025",85,"H","2000",2831,NA
"1011","12025",85,"H","2001",2965,NA
"1012","12025",85,"H","2002",2964,NA
"1013","12025",85,"NHAIAN","2000",1,NA
"1014","12025",85,"NHAPI","1999",14,NA
"1015","12025",85,"NHAPI","2000",14,NA
"1016","12025",85,"NHAPI","2001",16,NA
"1017","12025",85,"NHAPI","2002",14,NA
"1018","12025",85,"NHB","1999",361,NA
"1019","12025",85,"NHB","2000",340,NA
"1020","12025",85,"NHB","2001",368,NA
"1021","12025",85,"NHB","2002",356,NA
"1022","12025",85,"NHW","1999",2742,NA
"1023","12025",85,"NHW","2000",2546,NA
"1024","12025",85,"NHW","2001",2452,NA
"1025","12025",85,"NHW","2002",2108,NA
"1026","30113",0,"H","2019",0,NA
"1027","30113",0,"NHAIAN","2019",0,NA
"1028","30113",0,"NHAPI","2019",0,NA
"1029","30113",0,"NHB","2019",0,NA
"1030","30113",0,"NHW","2019",0,NA
"1031","30113",5,"H","2019",0,NA
"1032","30113",5,"NHAIAN","2019",0,NA
"1033","30113",5,"NHAPI","2019",0,NA
"1034","30113",5,"NHB","2019",0,NA
"1035","30113",5,"NHW","2019",0,NA
"1036","30113",10,"H","2019",0,NA
"1037","30113",10,"NHAIAN","2019",0,NA
"1038","30113",10,"NHAPI","2019",0,NA
"1039","30113",10,"NHB","2019",0,NA
"1040","30113",10,"NHW","2019",0,NA
"1041","30113",15,"H","2019",0,NA
"1042","30113",15,"NHAIAN","2019",0,NA
"1043","30113",15,"NHAPI","2019",0,NA
"1044","30113",15,"NHB","2019",0,NA
"1045","30113",15,"NHW","2019",0,NA
"1046","30113",20,"H","2019",0,NA
"1047","30113",20,"NHAIAN","2019",0,NA
"1048","30113",20,"NHAPI","2019",0,NA
"1049","30113",20,"NHB","2019",0,NA
"1050","30113",20,"NHW","2019",0,NA
"1051","30113",25,"H","2019",0,NA
"1052","30113",25,"NHAIAN","2019",0,NA
"1053","30113",25,"NHAPI","2019",0,NA
"1054","30113",25,"NHB","2019",0,NA
"1055","30113",25,"NHW","2019",0,NA
"1056","30113",30,"H","2019",0,NA
"1057","30113",30,"NHAIAN","2019",0,NA
"1058","30113",30,"NHAPI","2019",0,NA
"1059","30113",30,"NHB","2019",0,NA
"1060","30113",30,"NHW","2019",0,NA
"1061","30113",35,"H","2019",0,NA
"1062","30113",35,"NHAIAN","2019",0,NA
"1063","30113",35,"NHAPI","2019",0,NA
"1064","30113",35,"NHB","2019",0,NA
"1065","30113",35,"NHW","2019",0,NA
"1066","30113",40,"H","2019",0,NA
"1067","30113",40,"NHAIAN","2019",0,NA
"1068","30113",40,"NHAPI","2019",0,NA
"1069","30113",40,"NHB","2019",0,NA
"1070","30113",40,"NHW","2019",0,NA
"1071","30113",45,"H","2019",0,NA
"1072","30113",45,"NHAIAN","2019",0,NA
"1073","30113",45,"NHAPI","2019",0,NA
"1074","30113",45,"NHB","2019",0,NA
"1075","30113",45,"NHW","2019",0,NA
"1076","30113",50,"H","2019",0,NA
"1077","30113",50,"NHAIAN","2019",0,NA
"1078","30113",50,"NHAPI","2019",0,NA
"1079","30113",50,"NHB","2019",0,NA
"1080","30113",50,"NHW","2019",0,NA
"1081","30113",55,"H","2019",0,NA
"1082","30113",55,"NHAIAN","2019",0,NA
"1083","30113",55,"NHAPI","2019",0,NA
"1084","30113",55,"NHB","2019",0,NA
"1085","30113",55,"NHW","2000",1,NA
"1086","30113",60,"H","2000",0,NA
"1087","30113",60,"NHAIAN","2000",0,NA
"1088","30113",60,"NHAPI","2000",0,NA
"1089","30113",60,"NHB","2000",0,NA
"1090","30113",60,"NHW","2000",0,NA
"1091","30113",65,"H","2000",0,NA
"1092","30113",65,"NHAIAN","2000",0,NA
"1093","30113",65,"NHAPI","2000",0,NA
"1094","30113",65,"NHB","2000",0,NA
"1095","30113",65,"NHW","2000",0,NA
"1096","30113",70,"H","2000",0,NA
"1097","30113",70,"NHAIAN","2000",0,NA
"1098","30113",70,"NHAPI","2000",0,NA
"1099","30113",70,"NHB","2000",0,NA
"1100","30113",70,"NHW","2000",0,NA
"1101","30113",75,"H","2000",0,NA
"1102","30113",75,"NHAIAN","2000",0,NA
"1103","30113",75,"NHAPI","2000",0,NA
"1104","30113",75,"NHB","2000",0,NA
"1105","30113",75,"NHW","2000",0,NA
"1106","30113",80,"H","2000",0,NA
"1107","30113",80,"NHAIAN","2000",0,NA
"1108","30113",80,"NHAPI","2000",0,NA
"1109","30113",80,"NHB","2000",0,NA
"1110","30113",80,"NHW","2000",0,NA
"1111","30113",85,"H","2000",0,NA
"1112","30113",85,"NHAIAN","2000",0,NA
"1113","30113",85,"NHAPI","2000",0,NA
"1114","30113",85,"NHB","2000",0,NA
"1115","30113",85,"NHW","2000",0,NA
"1116","46102",0,"NHAIAN","1999",5,NA
"1117","46102",0,"NHAIAN","2000",3,NA
"1118","46102",0,"NHAIAN","2001",9,NA
"1119","46102",0,"NHAIAN","2002",3,NA
"1120","46102",0,"NHAIAN","2003",2,NA
"1121","46102",0,"NHAIAN","2004",3,NA
"1122","46102",0,"NHAIAN","2005",3,NA
"1123","46102",0,"NHAIAN","2006",4,NA
"1124","46102",0,"NHAIAN","2007",2,NA
"1125","46102",0,"NHAIAN","2008",7,NA
"1126","46102",0,"NHAIAN","2009",3,NA
"1127","46102",0,"NHW","2002",1,NA
"1128","46102",5,"NHAIAN","2000",1,NA
"1129","46102",5,"NHAIAN","2001",1,NA
"1130","46102",5,"NHAIAN","2004",1,NA
"1131","46102",5,"NHAIAN","2007",1,NA
"1132","46102",10,"NHAIAN","1999",1,NA
"1133","46102",10,"NHAIAN","2002",1,NA
"1134","46102",10,"NHAIAN","2003",2,NA
"1135","46102",10,"NHAIAN","2009",2,NA
"1136","46102",15,"NHAIAN","1999",3,NA
"1137","46102",15,"NHAIAN","2000",1,NA
"1138","46102",15,"NHAIAN","2001",2,NA
"1139","46102",15,"NHAIAN","2002",2,NA
"1140","46102",15,"NHAIAN","2003",4,NA
"1141","46102",15,"NHAIAN","2004",3,NA
"1142","46102",15,"NHAIAN","2005",6,NA
"1143","46102",15,"NHAIAN","2006",3,NA
"1144","46102",15,"NHAIAN","2007",1,NA
"1145","46102",15,"NHAIAN","2008",3,NA
"1146","46102",15,"NHAIAN","2009",4,NA
"1147","46102",20,"NHAIAN","1999",2,NA
"1148","46102",20,"NHAIAN","2000",2,NA
"1149","46102",20,"NHAIAN","2001",1,NA
"1150","46102",20,"NHAIAN","2002",1,NA
"1151","46102",20,"NHAIAN","2003",6,NA
"1152","46102",20,"NHAIAN","2004",2,NA
"1153","46102",20,"NHAIAN","2005",1,NA
"1154","46102",20,"NHAIAN","2006",6,NA
"1155","46102",20,"NHAIAN","2007",2,NA
"1156","46102",20,"NHAIAN","2008",4,NA
"1157","46102",20,"NHAIAN","2009",4,NA
"1158","46102",20,"NHW","2003",1,NA
"1159","46102",25,"NHAIAN","1999",2,NA
"1160","46102",25,"NHAIAN","2000",3,NA
"1161","46102",25,"NHAIAN","2001",3,NA
"1162","46102",25,"NHAIAN","2002",2,NA
"1163","46102",25,"NHAIAN","2003",2,NA
"1164","46102",25,"NHAIAN","2004",1,NA
"1165","46102",25,"NHAIAN","2005",4,NA
"1166","46102",25,"NHAIAN","2006",5,NA
"1167","46102",25,"NHAIAN","2008",2,NA
"1168","46102",25,"NHAIAN","2009",2,NA
"1169","46102",30,"NHAIAN","1999",4,NA
"1170","46102",30,"NHAIAN","2000",4,NA
"1171","46102",30,"NHAIAN","2001",3,NA
"1172","46102",30,"NHAIAN","2002",7,NA
"1173","46102",30,"NHAIAN","2003",2,NA
"1174","46102",30,"NHAIAN","2004",1,NA
"1175","46102",30,"NHAIAN","2005",1,NA
"1176","46102",30,"NHAIAN","2006",5,NA
"1177","46102",30,"NHAIAN","2007",1,NA
"1178","46102",30,"NHAIAN","2008",3,NA
"1179","46102",30,"NHAIAN","2009",2,NA
"1180","46102",30,"NHW","2004",1,NA
"1181","46102",35,"NHAIAN","1999",4,NA
"1182","46102",35,"NHAIAN","2000",3,NA
"1183","46102",35,"NHAIAN","2002",4,NA
"1184","46102",35,"NHAIAN","2003",3,NA
"1185","46102",35,"NHAIAN","2004",3,NA
"1186","46102",35,"NHAIAN","2005",4,NA
"1187","46102",35,"NHAIAN","2006",2,NA
"1188","46102",35,"NHAIAN","2007",1,NA
"1189","46102",35,"NHAIAN","2008",1,NA
"1190","46102",35,"NHAIAN","2009",2,NA
"1191","46102",35,"NHW","2007",1,NA
"1192","46102",40,"NHAIAN","1999",2,NA
"1193","46102",40,"NHAIAN","2000",5,NA
"1194","46102",40,"NHAIAN","2001",4,NA
"1195","46102",40,"NHAIAN","2002",4,NA
"1196","46102",40,"NHAIAN","2003",2,NA
"1197","46102",40,"NHAIAN","2004",3,NA
"1198","46102",40,"NHAIAN","2005",7,NA
"1199","46102",40,"NHAIAN","2006",7,NA
"1200","46102",40,"NHAIAN","2007",3,NA
"1201","46102",40,"NHAIAN","2008",5,NA
"1202","46102",40,"NHAIAN","2009",2,NA
"1203","46102",40,"NHW","2005",1,NA
"1204","46102",45,"NHAIAN","1999",3,NA
"1205","46102",45,"NHAIAN","2000",3,NA
"1206","46102",45,"NHAIAN","2001",5,NA
"1207","46102",45,"NHAIAN","2002",2,NA
"1208","46102",45,"NHAIAN","2003",4,NA
"1209","46102",45,"NHAIAN","2004",3,NA
"1210","46102",45,"NHAIAN","2005",4,NA
"1211","46102",45,"NHAIAN","2006",4,NA
"1212","46102",45,"NHAIAN","2007",4,NA
"1213","46102",45,"NHAIAN","2008",4,NA
"1214","46102",45,"NHAIAN","2009",1,NA
"1215","46102",45,"NHW","2003",1,NA
"1216","46102",45,"NHW","2009",1,NA
"1217","46102",50,"NHAIAN","1999",8,NA
"1218","46102",50,"NHAIAN","2000",4,NA
"1219","46102",50,"NHAIAN","2001",2,NA
"1220","46102",50,"NHAIAN","2002",6,NA
"1221","46102",50,"NHAIAN","2003",4,NA
"1222","46102",50,"NHAIAN","2004",2,NA
"1223","46102",50,"NHAIAN","2005",3,NA
"1224","46102",50,"NHAIAN","2006",3,NA
"1225","46102",50,"NHAIAN","2007",2,NA
"1226","46102",50,"NHAIAN","2008",4,NA
"1227","46102",50,"NHAIAN","2009",3,NA
"1228","46102",55,"NHAIAN","1999",6,NA
"1229","46102",55,"NHAIAN","2000",3,NA
"1230","46102",55,"NHAIAN","2001",3,NA
"1231","46102",55,"NHAIAN","2002",3,NA
"1232","46102",55,"NHAIAN","2003",1,NA
"1233","46102",55,"NHAIAN","2004",8,NA
"1234","46102",55,"NHAIAN","2005",5,NA
"1235","46102",55,"NHAIAN","2006",4,NA
"1236","46102",55,"NHAIAN","2007",3,NA
"1237","46102",55,"NHAIAN","2008",3,NA
"1238","46102",55,"NHAIAN","2009",1,NA
"1239","46102",55,"NHW","2000",1,NA
"1240","46102",55,"NHW","2002",1,NA
"1241","46102",55,"NHW","2005",1,NA
"1242","46102",60,"NHAIAN","1999",3,NA
"1243","46102",60,"NHAIAN","2000",4,NA
"1244","46102",60,"NHAIAN","2001",2,NA
"1245","46102",60,"NHAIAN","2002",6,NA
"1246","46102",60,"NHAIAN","2003",8,NA
"1247","46102",60,"NHAIAN","2004",5,NA
"1248","46102",60,"NHAIAN","2005",4,NA
"1249","46102",60,"NHAIAN","2006",6,NA
"1250","46102",60,"NHAIAN","2007",3,NA
"1251","46102",60,"NHAIAN","2008",2,NA
"1252","46102",60,"NHAIAN","2009",6,NA
"1253","46102",60,"NHW","2001",1,NA
"1254","46102",60,"NHW","2002",1,NA
"1255","46102",60,"NHW","2003",1,NA
"1256","46102",60,"NHW","2006",1,NA
"1257","46102",60,"NHW","2008",1,NA
"1258","46102",65,"NHAIAN","1999",7,NA
"1259","46102",65,"NHAIAN","2000",7,NA
"1260","46102",65,"NHAIAN","2001",4,NA
"1261","46102",65,"NHAIAN","2002",6,NA
"1262","46102",65,"NHAIAN","2003",3,NA
"1263","46102",65,"NHAIAN","2004",4,NA
"1264","46102",65,"NHAIAN","2005",5,NA
"1265","46102",65,"NHAIAN","2006",6,NA
"1266","46102",65,"NHAIAN","2007",4,NA
"1267","46102",65,"NHAIAN","2008",3,NA
"1268","46102",65,"NHAIAN","2009",7,NA
"1269","46102",65,"NHAPI","2000",1,NA
"1270","46102",65,"NHW","2003",1,NA
"1271","46102",70,"NHAIAN","1999",3,NA
"1272","46102",70,"NHAIAN","2000",3,NA
"1273","46102",70,"NHAIAN","2001",4,NA
"1274","46102",70,"NHAIAN","2002",4,NA
"1275","46102",70,"NHAIAN","2003",5,NA
"1276","46102",70,"NHAIAN","2004",3,NA
"1277","46102",70,"NHAIAN","2005",2,NA
"1278","46102",70,"NHAIAN","2006",4,NA
"1279","46102",70,"NHAIAN","2007",5,NA
"1280","46102",70,"NHAIAN","2008",2,NA
"1281","46102",70,"NHAIAN","2009",4,NA
"1282","46102",70,"NHW","1999",2,NA
"1283","46102",75,"NHAIAN","1999",5,NA
"1284","46102",75,"NHAIAN","2000",5,NA
"1285","46102",75,"NHAIAN","2001",1,NA
"1286","46102",75,"NHAIAN","2002",2,NA
"1287","46102",75,"NHAIAN","2003",2,NA
"1288","46102",75,"NHAIAN","2004",4,NA
"1289","46102",75,"NHAIAN","2005",9,NA
"1290","46102",75,"NHAIAN","2006",2,NA
"1291","46102",75,"NHAIAN","2007",3,NA
"1292","46102",75,"NHAIAN","2008",2,NA
"1293","46102",75,"NHW","2007",1,NA
"1294","46102",80,"NHAIAN","1999",7,NA
"1295","46102",80,"NHAIAN","2000",2,NA
"1296","46102",80,"NHAIAN","2001",1,NA
"1297","46102",80,"NHAIAN","2002",3,NA
"1298","46102",80,"NHAIAN","2003",2,NA
"1299","46102",80,"NHAIAN","2004",5,NA
"1300","46102",80,"NHAIAN","2005",1,NA
"1301","46102",80,"NHAIAN","2006",2,NA
"1302","46102",80,"NHAIAN","2007",2,NA
"1303","46102",80,"NHW","2002",1,NA
"1304","46102",80,"NHW","2006",1,NA
"1305","46102",80,"NHW","2008",1,NA
"1306","46102",80,"NHW","2009",1,NA
"1307","46102",85,"NHAIAN","1999",1,NA
"1308","46102",85,"NHAIAN","2000",2,NA
"1309","46102",85,"NHAIAN","2001",3,NA
"1310","46102",85,"NHAIAN","2002",4,NA
"1311","46102",85,"NHAIAN","2003",2,NA
"1312","46102",85,"NHAIAN","2004",3,NA
"1313","46102",85,"NHAIAN","2005",3,NA
"1314","46102",85,"NHAIAN","2006",4,NA
"1315","46102",85,"NHAIAN","2007",3,NA
"1316","46102",85,"NHAIAN","2008",3,NA
"1317","46102",85,"NHAIAN","2009",3,NA
"1318","46102",85,"NHW","2008",2,NA
"1319","51560",45,"NHW","2000",1,NA
"1320","51560",45,"NHW","2001",2,NA
"1321","51560",50,"NHW","2000",3,NA
"1322","51560",55,"NHB","2000",1,NA
"1323","51560",65,"NHB","2000",1,NA
"1324","51560",65,"NHW","2001",1,NA
"1325","51560",70,"NHW","2000",3,NA
"1326","51560",70,"NHW","2001",2,NA
"1327","51560",75,"NHB","2000",3,NA
"1328","51560",75,"NHW","2000",5,NA
"1329","51560",75,"NHW","2001",6,NA
"1330","51560",80,"NHB","2000",2,NA
"1331","51560",80,"NHB","2001",2,NA
"1332","51560",80,"NHW","2000",9,NA
"1333","51560",80,"NHW","2001",3,NA
"1334","51560",85,"NHB","2000",7,NA
"1335","51560",85,"NHB","2001",3,NA
"1336","51560",85,"NHW","2000",24,NA
"1337","51560",85,"NHW","2001",13,NA
